dataset_name,mean_score,std_score
midwest_survey,0.7790778343836268,0.0281523666923435
