dataset_name,mean_score,std_score
midwest_survey,0.7798866809925071,0.020039198973441297
